device_id,device_type,manufacturer,installation_date,max_temp,min_temp
DEV_00000,pressure,IoTech,2023-08-16,81.65958395889541,-8.845941431682023
DEV_00001,multi,DataSense,2022-04-24,74.91051404395904,-1.1126930151697128
DEV_00002,temperature,SensorCorp,2022-02-09,78.2137392254232,-4.489041215610332
DEV_00003,pressure,SensorCorp,2022-10-28,97.8495259854573,2.4407912474198756
DEV_00004,pressure,SensorCorp,2022-08-12,90.27946826759066,9.84884578749558
DEV_00005,multi,SensorCorp,2022-11-14,84.88143516039659,-2.2735365384706814
DEV_00006,temperature,SensorCorp,2022-12-15,70.38144669960681,1.4768250820902669
DEV_00007,temperature,SensorCorp,2022-04-25,99.77246201468411,-1.6879220818532907
DEV_00008,pressure,SensorCorp,2023-11-29,90.1436480468393,6.9454333544371885
DEV_00009,humidity,IoTech,2022-11-19,79.50767432034834,8.044728069244762
DEV_00010,pressure,DataSense,2023-07-22,96.37805979993514,7.5471122441052
DEV_00011,pressure,SensorCorp,2022-02-09,77.75294860875454,9.487444773585153
DEV_00012,pressure,IoTech,2022-02-09,86.32049737548255,-9.449616297191694
DEV_00013,pressure,IoTech,2022-10-16,89.08212291189476,6.796323242910621
DEV_00014,multi,DataSense,2022-09-19,76.63190114361186,5.035443460781865
DEV_00015,temperature,SensorCorp,2022-08-04,99.35191836401788,-5.426111811992705
DEV_00016,multi,DataSense,2022-05-27,92.44575717936993,9.126401867750552
DEV_00017,multi,SensorCorp,2022-12-02,86.7343967653321,-7.036441435401091
DEV_00018,multi,IoTech,2022-06-17,75.41783794525902,3.590998542678168
DEV_00019,pressure,IoTech,2022-04-02,71.61574620994078,-5.50219566368175
DEV_00020,humidity,IoTech,2022-12-19,79.6017949756295,-1.3723870245185061
DEV_00021,temperature,IoTech,2023-07-25,92.59562007740209,4.383197938891378
DEV_00022,humidity,DataSense,2023-07-25,78.07993894906075,1.2664928406609341
DEV_00023,multi,SensorCorp,2023-11-12,86.18668661486515,-1.4499633734377664
DEV_00024,multi,SensorCorp,2022-12-29,91.8384153019223,-3.4732313813602556
DEV_00025,humidity,DataSense,2023-07-11,73.23831143939393,6.793193114175807
DEV_00026,humidity,SensorCorp,2022-12-11,90.5589404834762,-7.123712993703726
DEV_00027,humidity,IoTech,2023-11-24,72.75612663130134,-1.3979424694039988
DEV_00028,multi,SensorCorp,2022-06-19,98.95389226380989,8.075151435502843
DEV_00029,multi,IoTech,2022-12-22,84.65182390194819,6.916991009199354
DEV_00030,temperature,DataSense,2022-07-10,74.52028323129632,-1.9811647505390653
DEV_00031,temperature,SensorCorp,2023-10-29,80.2715090810064,5.262167272026165
DEV_00032,multi,DataSense,2023-02-26,82.40249347885785,6.463216614177185
DEV_00033,humidity,SensorCorp,2023-12-01,92.74555033229612,7.777748480072596
DEV_00034,humidity,IoTech,2022-01-07,92.30271358229828,0.8901153809845592
DEV_00035,temperature,DataSense,2022-05-13,88.35821516011993,-5.910782278905764
DEV_00036,multi,SensorCorp,2023-07-11,73.1779213767548,-4.893818469921367
DEV_00037,temperature,IoTech,2022-01-31,74.54708114763021,-4.086106519167916
DEV_00038,temperature,DataSense,2023-06-19,72.8127076193667,1.8760496161923097
DEV_00039,pressure,DataSense,2023-03-02,87.31518349862651,-9.34380751742783
DEV_00040,pressure,SensorCorp,2023-01-29,96.31415324534211,2.720849375599366
DEV_00041,pressure,SensorCorp,2023-11-03,83.01401536764315,-2.7129152314353604
DEV_00042,humidity,SensorCorp,2022-12-29,74.82544521873238,-4.095163950207157
DEV_00043,multi,IoTech,2023-03-13,86.74126975446902,7.589931414562528
DEV_00044,multi,SensorCorp,2023-11-01,94.3525665059713,-0.7999520883840212
DEV_00045,multi,DataSense,2023-07-05,92.2513618453879,-8.098939089346144
DEV_00046,multi,DataSense,2022-03-23,96.44352339025065,6.5349353605249405
DEV_00047,pressure,SensorCorp,2022-12-22,78.33706291746603,-9.047174851269869
DEV_00048,humidity,SensorCorp,2022-09-15,75.81861601803324,4.5349844833639334
DEV_00049,humidity,DataSense,2023-12-19,96.39449457825816,5.478124435413303
DEV_00050,pressure,IoTech,2023-08-12,89.7268093833407,-2.947947881422836
DEV_00051,humidity,SensorCorp,2023-06-08,79.32786790022662,6.495757125555734
DEV_00052,pressure,SensorCorp,2022-10-22,92.27044151717527,0.31318811712906935
DEV_00053,multi,DataSense,2022-08-12,94.45355153441103,-0.7341269345440633
DEV_00054,pressure,SensorCorp,2023-06-09,88.44934721023397,-9.091934370626149
DEV_00055,multi,IoTech,2022-02-15,90.63652329639746,-4.199416127021882
DEV_00056,multi,DataSense,2023-10-29,81.25779713328,8.620199417705997
DEV_00057,temperature,SensorCorp,2022-04-23,86.16087002029117,-2.1635207343299996
DEV_00058,pressure,DataSense,2022-08-21,85.72477512178487,0.9340104111353664
DEV_00059,temperature,SensorCorp,2022-01-17,95.44143373392316,0.6404335796850358
DEV_00060,pressure,SensorCorp,2022-12-26,95.19891940846549,1.808621796453867
DEV_00061,pressure,SensorCorp,2022-08-11,94.9804140804113,-8.773380887134348
DEV_00062,temperature,IoTech,2023-12-01,70.33094842787398,-2.756474904025435
DEV_00063,temperature,IoTech,2023-03-24,92.48636453406665,4.462565477651083
DEV_00064,pressure,DataSense,2022-12-31,92.76029170333015,-5.988794978540342
DEV_00065,humidity,SensorCorp,2023-11-06,90.35136468565426,-5.928432449072791
DEV_00066,multi,SensorCorp,2022-11-22,92.68793973674357,-9.798187866219505
DEV_00067,temperature,IoTech,2023-04-12,95.25911114490125,-1.2503614678358055
DEV_00068,multi,SensorCorp,2023-02-18,84.10957162305357,7.65468761346844
DEV_00069,humidity,IoTech,2023-03-31,85.06150640465341,-8.96198112825382
DEV_00070,humidity,SensorCorp,2023-08-09,73.74142170734171,-6.177625810079947
DEV_00071,humidity,DataSense,2022-08-21,81.56127649142086,-3.7983092331448987
DEV_00072,temperature,SensorCorp,2022-08-12,89.30095539735353,4.634494731284258
DEV_00073,humidity,SensorCorp,2023-02-16,93.41199328441823,2.812711856051731
DEV_00074,temperature,IoTech,2023-07-26,76.51627293073632,-1.6811219083628988
DEV_00075,humidity,SensorCorp,2022-12-01,74.13468697477707,5.181378785167514
DEV_00076,multi,SensorCorp,2022-08-10,89.89126013501476,2.1926202331380384
DEV_00077,multi,IoTech,2022-02-06,70.05639650574732,7.92081599314438
DEV_00078,pressure,DataSense,2022-10-05,75.3511775292199,6.36053498277386
DEV_00079,multi,DataSense,2022-07-15,70.87214141031862,-4.943727878215989
DEV_00080,pressure,IoTech,2023-04-29,75.00655353564613,-4.571228447315995
DEV_00081,multi,IoTech,2022-08-30,75.43957839776516,-7.492870484152288
DEV_00082,temperature,IoTech,2022-11-20,81.63020784251182,-3.2607054856508704
DEV_00083,multi,IoTech,2022-07-11,82.06981374059669,9.990878374381886
DEV_00084,pressure,IoTech,2022-01-17,96.22787411830714,-1.88497662769878
DEV_00085,pressure,DataSense,2023-06-08,85.30329137496476,-5.590231306217872
DEV_00086,humidity,DataSense,2023-02-05,91.70214296836859,5.249657689511061
DEV_00087,temperature,IoTech,2023-12-06,73.12412073760862,0.8494200692531209
DEV_00088,multi,SensorCorp,2022-01-22,76.76316266391082,-7.007971009460949
DEV_00089,humidity,IoTech,2023-04-19,91.0883032293603,-2.3862063767826847
DEV_00090,multi,SensorCorp,2022-04-30,71.58411881405584,-1.7106056892131338
DEV_00091,multi,IoTech,2022-07-29,84.59792986731259,5.076594011384373
DEV_00092,humidity,IoTech,2022-11-02,87.98106896988801,-9.58657262216191
DEV_00093,humidity,DataSense,2022-09-27,88.06436932157443,-4.61960706403379
DEV_00094,humidity,SensorCorp,2023-12-05,70.68798433804126,0.3519260263104407
DEV_00095,humidity,SensorCorp,2023-11-18,79.66324012687556,-4.623065150943133
DEV_00096,humidity,DataSense,2022-10-12,89.09471953147462,2.5686809483799777
DEV_00097,multi,DataSense,2023-12-17,74.4699920844773,-0.36265041450766766
DEV_00098,humidity,DataSense,2023-11-07,90.8624694498416,-2.7657949028083877
DEV_00099,temperature,DataSense,2022-08-15,92.37775626441024,8.984172537410245
DEV_00100,pressure,SensorCorp,2023-01-16,99.45907571338435,2.6431899837291475
DEV_00101,humidity,SensorCorp,2023-04-05,76.29525984569229,-7.4011725546411755
DEV_00102,humidity,IoTech,2022-01-07,94.75392002998345,1.2018339488679093
DEV_00103,multi,IoTech,2022-01-29,85.60889730755962,5.614637064018019
DEV_00104,humidity,DataSense,2022-02-02,81.20387788432521,4.169793949855947
DEV_00105,humidity,DataSense,2023-10-08,73.67130271975533,-6.558215414094812
DEV_00106,humidity,DataSense,2022-03-20,92.06516819462612,9.448399980802066
DEV_00107,multi,IoTech,2023-04-04,77.07572797431061,-1.0237270850678808
DEV_00108,humidity,IoTech,2023-07-24,81.14266005619137,-6.8194999251947745
DEV_00109,pressure,IoTech,2023-06-22,71.87626680692105,-6.396084917437042
DEV_00110,multi,IoTech,2023-04-27,94.04100747458557,-8.03530015621839
DEV_00111,pressure,IoTech,2023-03-06,92.9976557191493,6.070362168698686
DEV_00112,multi,IoTech,2022-10-12,92.00847490126938,-7.559390113563027
DEV_00113,humidity,IoTech,2023-05-31,78.98330531475659,-7.497494857165061
DEV_00114,pressure,DataSense,2022-04-09,75.20440222797872,7.0094322952167545
DEV_00115,multi,DataSense,2023-02-01,89.1265979341069,-3.107918311048808
DEV_00116,temperature,DataSense,2023-05-04,84.88499152339658,-9.38284191383855
DEV_00117,humidity,DataSense,2022-02-08,75.34757400713924,-8.962094009631782
DEV_00118,multi,IoTech,2022-09-28,90.5773381314959,-7.156591065922089
DEV_00119,temperature,SensorCorp,2022-06-06,99.73379295463911,-5.732133040486209
DEV_00120,multi,IoTech,2022-03-16,92.41658763226113,3.3029238847681075
DEV_00121,temperature,SensorCorp,2022-05-10,92.19959160056835,-6.853474399963435
DEV_00122,humidity,DataSense,2023-11-18,98.50938258791776,-7.62251217645856
DEV_00123,pressure,IoTech,2022-03-25,76.08809102724706,5.294382829525583
DEV_00124,temperature,DataSense,2022-01-22,86.9664989476432,3.4211056771982875
DEV_00125,multi,IoTech,2023-04-04,99.38940145101651,-1.293515570895277
DEV_00126,humidity,DataSense,2023-06-23,74.95882332910523,0.9861954296020787
DEV_00127,temperature,SensorCorp,2023-12-08,91.00755878333563,-3.76031959347163
DEV_00128,multi,SensorCorp,2023-01-17,87.57430437915706,-0.3499915952927868
DEV_00129,multi,SensorCorp,2023-03-16,87.5943727656612,0.13345297965491554
DEV_00130,multi,IoTech,2023-08-27,90.93011882560225,-2.255254576438082
DEV_00131,temperature,SensorCorp,2022-01-21,97.88850768627053,8.131444213443256
DEV_00132,temperature,IoTech,2022-10-30,93.47745819554014,-9.678762700379878
DEV_00133,temperature,SensorCorp,2022-03-25,71.6840831024863,5.643425261824923
DEV_00134,pressure,SensorCorp,2023-10-21,95.58184059627133,-7.512343375173513
DEV_00135,temperature,IoTech,2023-03-29,76.76623989777198,5.950947210743989
DEV_00136,temperature,IoTech,2023-01-22,81.30742494209116,2.318238313534424
DEV_00137,temperature,SensorCorp,2023-05-22,83.85198440837146,6.865561818728047
DEV_00138,pressure,IoTech,2022-09-14,84.4271800225921,-8.04971348718205
DEV_00139,temperature,SensorCorp,2023-07-24,83.0554119776607,1.179612681995481
DEV_00140,multi,IoTech,2023-06-11,98.12059882647594,0.021757605243941214
DEV_00141,temperature,DataSense,2022-06-11,91.18057022992073,4.1238636592671725
DEV_00142,multi,DataSense,2022-06-12,88.93511937870119,0.6858110378735169
DEV_00143,multi,DataSense,2023-06-08,71.49526083348825,0.8146913426620834
DEV_00144,multi,DataSense,2022-09-28,97.11739990781123,-1.408081128478706
DEV_00145,pressure,DataSense,2023-05-07,97.28170576025188,-3.823311519853183
DEV_00146,pressure,SensorCorp,2022-07-27,93.40639190290307,-0.3547127749561554
DEV_00147,pressure,DataSense,2023-06-23,70.21087611440858,-7.630152824631988
DEV_00148,temperature,DataSense,2023-08-07,71.7184075323287,9.230266779661697
DEV_00149,multi,DataSense,2022-03-01,76.7567110680547,4.288215272531966
DEV_00150,pressure,DataSense,2023-03-06,73.9404822443472,9.049342333756936
DEV_00151,pressure,IoTech,2023-10-19,81.96508089111188,-5.465452353400735
DEV_00152,temperature,SensorCorp,2023-08-28,97.67869174263369,7.5868204035305595
DEV_00153,pressure,DataSense,2022-11-05,84.16181302590995,6.175799691270768
DEV_00154,temperature,DataSense,2023-06-04,70.40207879296497,3.5430482491534736
DEV_00155,humidity,DataSense,2023-08-14,78.48237068736286,2.500583721704114
DEV_00156,pressure,SensorCorp,2022-01-27,71.33784725118885,-3.6690066946426008
DEV_00157,humidity,IoTech,2023-11-17,71.08862867840506,6.328215699300614
DEV_00158,temperature,SensorCorp,2023-07-16,78.27159559286656,0.030309229594676523
DEV_00159,multi,IoTech,2022-07-18,78.26837016036836,-8.582168482174293
DEV_00160,pressure,DataSense,2023-01-22,93.61379807804812,-3.7427367828974
DEV_00161,temperature,DataSense,2022-12-15,99.24503958343335,8.70594197090655
DEV_00162,multi,SensorCorp,2023-11-24,81.13621281669995,7.013605212096927
DEV_00163,multi,SensorCorp,2023-06-20,82.86660636583116,9.638113961530784
DEV_00164,humidity,IoTech,2023-01-13,95.34368308858065,2.5598676520819623
DEV_00165,temperature,IoTech,2023-07-12,78.0441706028654,-5.04979853719176
DEV_00166,multi,SensorCorp,2023-06-11,74.69145413210344,-6.743699006462725
DEV_00167,pressure,IoTech,2022-06-02,95.59268870210951,-6.261711187830768
DEV_00168,pressure,SensorCorp,2022-07-25,71.39501759320197,-9.604086833054913
DEV_00169,humidity,IoTech,2023-03-31,88.59098320598247,-2.1863577802812166
DEV_00170,multi,SensorCorp,2022-09-30,86.8597854240042,-6.17144639000915
DEV_00171,temperature,SensorCorp,2022-08-24,80.37761342505082,-1.7668907908659506
DEV_00172,pressure,SensorCorp,2023-06-05,79.45568563292076,8.69988863677531
DEV_00173,multi,IoTech,2023-11-09,93.15573178544864,-1.3891958098562007
DEV_00174,multi,IoTech,2023-12-27,72.5927383228764,7.559689939696696
DEV_00175,humidity,IoTech,2023-05-16,77.10352927934156,2.1100953323175293
DEV_00176,pressure,SensorCorp,2022-04-27,91.9734619551427,-5.057368906772162
DEV_00177,pressure,IoTech,2023-01-21,86.44961751179272,-2.882904814815772
DEV_00178,temperature,IoTech,2022-12-10,73.8396462560076,-8.321609283571412
DEV_00179,pressure,SensorCorp,2023-08-07,96.4640684284618,-3.33074812807979
DEV_00180,temperature,DataSense,2023-01-30,81.80343539690774,3.5508189100706815
DEV_00181,pressure,SensorCorp,2022-03-05,94.83605125966518,-8.557778141411296
DEV_00182,humidity,IoTech,2023-12-18,93.63139046583126,-5.891971830439413
DEV_00183,pressure,SensorCorp,2023-12-22,88.73276339415185,-2.37117917173377
DEV_00184,temperature,DataSense,2022-03-13,84.83443393885278,9.64099074031925
DEV_00185,temperature,SensorCorp,2022-10-01,99.3865252114527,5.697236459177603
DEV_00186,humidity,IoTech,2022-11-16,74.34895217139452,4.669734929842077
DEV_00187,pressure,DataSense,2022-12-04,91.75467182653344,-7.6761808694910805
DEV_00188,pressure,IoTech,2023-01-01,75.73572104394367,5.61991787229983
DEV_00189,humidity,DataSense,2023-05-10,80.14789315997045,5.705376230320303
DEV_00190,pressure,DataSense,2023-08-30,79.26096230119586,2.022053912486566
DEV_00191,pressure,SensorCorp,2022-06-15,98.41107963216169,9.807235639967438
DEV_00192,temperature,SensorCorp,2023-06-28,99.02068533364826,-3.4949218815089615
DEV_00193,pressure,IoTech,2022-01-11,75.49046332704181,8.825448964837033
DEV_00194,pressure,SensorCorp,2022-10-28,70.66105480892513,8.294622299130072
DEV_00195,humidity,SensorCorp,2023-12-30,91.6002411898934,-9.770386805012443
DEV_00196,humidity,DataSense,2022-04-12,82.53969801611453,-0.9976694705037801
DEV_00197,multi,SensorCorp,2023-03-01,72.66520735262694,9.542084661031467
DEV_00198,temperature,DataSense,2023-01-27,90.51262316731128,-7.937572751838484
DEV_00199,pressure,DataSense,2022-08-02,86.35316584782099,0.9556938876663885
DEV_00200,pressure,DataSense,2023-11-22,99.41550466003318,9.57915014082208
DEV_00201,multi,IoTech,2022-03-29,76.82228487584136,1.1099084821172038
DEV_00202,pressure,IoTech,2023-07-07,82.11933628979645,-6.20369394055688
DEV_00203,temperature,IoTech,2023-02-05,86.27637410186269,1.6436646018517962
DEV_00204,multi,DataSense,2023-08-11,93.75099965360054,-5.911188521009063
DEV_00205,temperature,IoTech,2022-02-15,86.46515970160176,0.3940852578896852
DEV_00206,multi,IoTech,2023-11-03,88.38700482585847,-8.51915564175304
DEV_00207,multi,SensorCorp,2023-04-08,76.78441154769823,2.1096533842880927
DEV_00208,humidity,IoTech,2023-08-15,95.40756184265679,0.3357987825631632
DEV_00209,temperature,IoTech,2022-11-06,82.85891640911427,4.8032273752292625
DEV_00210,pressure,DataSense,2022-03-27,74.22878882565308,2.6140094231757
DEV_00211,pressure,DataSense,2022-04-02,89.92563743516251,0.992125370615133
DEV_00212,temperature,DataSense,2023-10-22,76.48271359555923,3.7955769849624232
DEV_00213,pressure,DataSense,2023-11-04,72.92687530717899,-7.121161728555383
DEV_00214,pressure,DataSense,2023-12-15,95.85960725212817,1.9071932251720813
DEV_00215,temperature,DataSense,2022-08-30,83.80486793465319,-6.557787943544446
DEV_00216,multi,IoTech,2022-01-02,92.4785113808733,8.510444157037618
DEV_00217,temperature,DataSense,2022-08-13,78.71762679419065,-8.633317903087915
DEV_00218,multi,DataSense,2023-08-12,93.60910404753,-1.392505006184134
DEV_00219,pressure,SensorCorp,2022-04-26,73.35807781064591,3.915949553108897
DEV_00220,pressure,IoTech,2023-10-28,80.67920121384559,-0.8395557666348257
DEV_00221,pressure,IoTech,2022-04-13,99.34185453920585,-8.158094935341953
DEV_00222,humidity,IoTech,2022-07-13,93.81969149104017,1.0675803225341483
DEV_00223,multi,DataSense,2022-06-15,84.91767790944064,2.832638176547091
DEV_00224,humidity,DataSense,2022-03-31,80.19332414685655,4.075846219810153
DEV_00225,humidity,DataSense,2023-11-17,96.1640710006743,-2.5348037107448214
DEV_00226,temperature,SensorCorp,2022-05-02,86.34543277253547,1.273199420575244
DEV_00227,humidity,DataSense,2022-05-23,92.75275053607334,-0.9862705012217372
DEV_00228,temperature,SensorCorp,2022-04-16,92.62323040948492,3.441120775045068
DEV_00229,temperature,IoTech,2023-03-04,70.53837035705476,1.6711393464963713
DEV_00230,humidity,DataSense,2022-11-01,73.7876134837784,0.515124391182697
DEV_00231,multi,SensorCorp,2022-11-13,89.78888099184226,-5.009512663235027
DEV_00232,multi,SensorCorp,2023-09-27,74.84859433857615,-9.95962964503532
DEV_00233,multi,DataSense,2022-01-09,77.66480033966815,-6.518366493771415
DEV_00234,multi,IoTech,2022-03-14,98.39913862598821,-7.658679171516627
DEV_00235,multi,IoTech,2022-12-25,86.80546775124736,-1.018305099781065
DEV_00236,humidity,IoTech,2022-08-11,92.52188520998041,2.2451630152368924
DEV_00237,humidity,SensorCorp,2023-02-20,86.73942216347919,-5.7382998263038365
DEV_00238,pressure,SensorCorp,2023-07-07,86.57540844348176,8.781141919343742
DEV_00239,multi,SensorCorp,2023-01-05,72.82455730377093,-9.866357415522245
DEV_00240,humidity,SensorCorp,2023-12-17,80.30989577827309,5.446020303306858
DEV_00241,pressure,IoTech,2022-09-21,78.47292696059534,2.5040953906088443
DEV_00242,multi,DataSense,2023-11-21,81.7218509684084,-2.528903979046362
DEV_00243,temperature,SensorCorp,2022-11-14,93.95032564672985,-8.990221111751842
DEV_00244,pressure,SensorCorp,2022-03-25,81.15798003750595,2.5497314356855867
DEV_00245,humidity,IoTech,2022-11-14,83.55090457695049,-2.2877297426870395
DEV_00246,temperature,DataSense,2022-04-21,81.92144171455949,8.725342788264385
DEV_00247,temperature,DataSense,2022-09-08,72.80223915925887,0.8398014977953174
DEV_00248,temperature,IoTech,2023-01-18,83.23216474752351,8.793030225870165
DEV_00249,pressure,IoTech,2022-01-07,75.86827819133545,-5.590326130533918
DEV_00250,humidity,DataSense,2023-04-04,75.60169887319124,4.514518207282066
DEV_00251,temperature,SensorCorp,2022-03-25,72.821083133028,2.344980416974513
DEV_00252,multi,DataSense,2022-07-27,80.70012922425295,4.7881645966262365
DEV_00253,temperature,IoTech,2023-01-25,92.72445654368252,-5.706642720549264
DEV_00254,temperature,SensorCorp,2022-11-10,78.29325071750188,3.2998903247554736
DEV_00255,pressure,SensorCorp,2022-01-22,79.3704730565654,-0.03919213886262085
DEV_00256,pressure,IoTech,2023-02-14,89.28023973017271,4.856499498126325
DEV_00257,humidity,IoTech,2023-05-30,75.87522437760757,-3.4591071169636445
DEV_00258,multi,IoTech,2022-05-07,96.90873791270603,7.80114050930505
DEV_00259,pressure,DataSense,2023-12-01,85.60571569754663,-8.313973707772993
DEV_00260,temperature,DataSense,2022-01-14,83.42808820960651,6.143786375823762
DEV_00261,humidity,SensorCorp,2022-01-12,86.73460575787604,7.226392516301814
DEV_00262,temperature,IoTech,2022-03-28,74.98102940248586,6.345046227336425
DEV_00263,temperature,SensorCorp,2023-06-08,88.40419415917529,0.25452788523551995
DEV_00264,pressure,SensorCorp,2023-06-21,80.89302209902031,-1.2323003993847728
DEV_00265,humidity,SensorCorp,2022-10-28,96.91559022893857,9.925245730497537
DEV_00266,multi,SensorCorp,2022-08-31,75.06562620033058,-5.416560975716758
DEV_00267,multi,IoTech,2022-05-02,85.21153311596323,0.9375193175208913
DEV_00268,pressure,SensorCorp,2022-05-27,87.94337888107054,3.41351050764651
DEV_00269,pressure,IoTech,2023-07-21,71.00150805359144,4.01735271722864
DEV_00270,humidity,IoTech,2022-12-22,80.9107937426842,-5.919506685228426
DEV_00271,multi,DataSense,2023-11-16,91.97905704102499,3.079881846796024
DEV_00272,multi,IoTech,2023-09-23,94.6113252234692,6.367391329626745
DEV_00273,multi,DataSense,2022-11-05,79.39485984451846,-8.999628463577755
DEV_00274,temperature,IoTech,2023-11-26,93.95779817148254,8.23042586650633
DEV_00275,multi,IoTech,2022-10-15,99.03267631310166,-9.409918897095881
DEV_00276,temperature,IoTech,2022-11-03,95.70621808225283,-2.8805793502321126
DEV_00277,humidity,DataSense,2023-08-17,73.52931964477976,-9.683736075340759
DEV_00278,temperature,DataSense,2023-12-24,92.19190996256621,-8.457096629208362
DEV_00279,humidity,SensorCorp,2023-10-24,79.59000497321634,8.22336570360158
DEV_00280,multi,DataSense,2023-07-03,99.6524796823623,-2.9027833850770435
DEV_00281,multi,DataSense,2022-12-18,84.56076949479662,-1.5045693914989418
DEV_00282,humidity,DataSense,2022-11-08,73.67301695076823,-5.693112372348947
DEV_00283,pressure,DataSense,2022-02-28,91.75556644082172,1.941915403734395
DEV_00284,humidity,SensorCorp,2023-10-05,79.69033595158642,1.896064293555792
DEV_00285,pressure,DataSense,2023-12-15,99.91234471244985,-2.555992163495615
DEV_00286,temperature,IoTech,2022-02-04,99.39347373563565,-3.3393025638920326
DEV_00287,temperature,IoTech,2023-03-21,89.68402054061742,7.699286163611756
DEV_00288,temperature,DataSense,2022-04-03,73.89479346855153,-2.3343152071559725
DEV_00289,multi,DataSense,2022-07-26,90.60582993025088,-0.1299801569118344
DEV_00290,temperature,IoTech,2022-12-19,72.79091459380082,-4.333904751501388
DEV_00291,pressure,IoTech,2022-11-28,70.88092477307177,5.735390067142546
DEV_00292,temperature,SensorCorp,2023-12-26,94.68875338664458,-2.051036862018167
DEV_00293,humidity,IoTech,2022-06-08,76.29258843051043,0.27222093088649046
DEV_00294,humidity,IoTech,2022-01-24,81.37081378657292,-4.932856598806772
DEV_00295,multi,DataSense,2023-02-08,99.2037216992852,9.753191846825036
DEV_00296,humidity,IoTech,2023-05-31,80.1052150558331,-4.170085181525542
DEV_00297,pressure,SensorCorp,2022-12-30,78.89469343849946,5.414850618111034
DEV_00298,temperature,IoTech,2023-01-17,97.54623998868325,-1.4500869928648168
DEV_00299,multi,DataSense,2023-06-16,73.32245335956874,-5.875651898317202
DEV_00300,temperature,DataSense,2022-06-01,92.78747230343896,5.994375279297223
DEV_00301,temperature,IoTech,2023-07-16,99.64196699958322,-3.327864219419137
DEV_00302,pressure,DataSense,2023-11-20,97.03888032323947,7.303866947956223
DEV_00303,humidity,SensorCorp,2023-08-31,89.55003756119278,8.30514369835646
DEV_00304,humidity,SensorCorp,2023-09-09,79.42182384978196,7.196476707825518
DEV_00305,temperature,IoTech,2023-02-24,77.6296594353495,-9.299841703863887
DEV_00306,multi,IoTech,2022-09-07,94.57765314614383,5.747466900102111
DEV_00307,humidity,IoTech,2022-04-27,96.39465741855086,-1.7732106700171215
DEV_00308,multi,DataSense,2023-05-27,85.76304737637079,7.474458403644501
DEV_00309,humidity,SensorCorp,2023-08-01,77.33019822359398,2.7590852536947743
DEV_00310,multi,SensorCorp,2022-12-01,73.38829625233521,6.672862682879167
DEV_00311,pressure,DataSense,2023-02-22,72.61538403495493,-0.01136460266329209
DEV_00312,multi,SensorCorp,2022-10-22,91.57232342061567,0.7005100919786571
DEV_00313,pressure,IoTech,2023-01-06,82.60356183543175,-7.112247357326655
DEV_00314,pressure,IoTech,2022-07-05,97.16079622833611,5.679747173787108
DEV_00315,multi,IoTech,2022-09-03,92.1901390218029,-1.6122077666605676
DEV_00316,pressure,SensorCorp,2023-09-29,75.7378125374376,0.0016023654316512648
DEV_00317,temperature,IoTech,2022-09-25,88.41332256447097,5.701954281914151
DEV_00318,pressure,DataSense,2023-10-05,83.06516363194478,1.9769080015887788
DEV_00319,humidity,DataSense,2022-08-25,87.31749192305838,-5.978025451146651
DEV_00320,multi,SensorCorp,2023-06-14,92.14207370015552,1.8046531830178552
DEV_00321,temperature,DataSense,2023-07-06,94.18587643011372,-1.8473428404068848
DEV_00322,multi,DataSense,2022-01-21,95.31211979220173,-0.6094891591227469
DEV_00323,humidity,SensorCorp,2023-06-04,77.61924623716074,-9.433774511946645
DEV_00324,humidity,IoTech,2022-04-10,70.93346799752074,-5.7994130096743675
DEV_00325,humidity,IoTech,2023-04-23,92.1788420549432,-4.379238372379435
DEV_00326,pressure,IoTech,2023-08-22,73.19031178767324,4.2592001571761156
DEV_00327,pressure,SensorCorp,2022-10-25,79.44758765838903,-9.770150534037693
DEV_00328,multi,DataSense,2023-06-10,70.11451402373041,-1.8244547754173581
DEV_00329,multi,IoTech,2022-11-30,90.4500844720486,8.480537408514657
DEV_00330,temperature,IoTech,2022-01-02,75.01396034413663,-7.762387669017523
DEV_00331,temperature,SensorCorp,2023-01-10,89.65847229074974,0.3284877643722197
DEV_00332,multi,IoTech,2022-10-20,99.75227851503516,5.730447647816941
DEV_00333,pressure,SensorCorp,2023-07-07,72.18012614830049,8.850626150402334
DEV_00334,humidity,DataSense,2022-11-14,72.31234035854382,4.93553279067436
DEV_00335,multi,SensorCorp,2023-05-17,80.21140278000024,4.411310972888122
DEV_00336,temperature,SensorCorp,2023-01-16,95.99159542754026,6.52976180391525
DEV_00337,pressure,SensorCorp,2023-09-15,76.46589606373996,-1.0759755804491267
DEV_00338,multi,SensorCorp,2022-01-14,80.81133459791043,6.116890652356663
DEV_00339,multi,DataSense,2023-05-19,72.05516219880938,-9.840711905090977
DEV_00340,pressure,DataSense,2022-08-19,92.89465873776668,8.491221107536099
DEV_00341,multi,IoTech,2022-03-25,82.24919028278353,-1.1338698096564936
DEV_00342,pressure,DataSense,2022-05-10,92.77746199182528,1.0676037573149522
DEV_00343,humidity,DataSense,2022-05-25,97.10823533040386,-4.902355021702354
DEV_00344,pressure,IoTech,2022-01-28,76.98289441303866,4.850616656808429
DEV_00345,pressure,DataSense,2022-03-07,94.22188091019854,-8.467283870495024
DEV_00346,pressure,SensorCorp,2022-06-12,71.7728167023476,7.452716050936704
DEV_00347,multi,SensorCorp,2022-08-17,96.96542164540742,6.562336580126853
DEV_00348,multi,IoTech,2022-09-18,89.52305642676242,-5.678797675104672
DEV_00349,pressure,IoTech,2023-03-25,96.22680172415055,6.186487965705247
DEV_00350,multi,IoTech,2023-02-28,70.00565198669746,5.72715466122963
DEV_00351,temperature,SensorCorp,2023-04-05,75.07243211067977,2.6443319550789806
DEV_00352,temperature,DataSense,2023-11-07,81.69278162279477,-2.52959646200625
DEV_00353,multi,SensorCorp,2022-10-28,81.38508710124155,-4.570024916362643
DEV_00354,multi,IoTech,2022-10-30,76.80191148770533,-5.364328194213
DEV_00355,pressure,DataSense,2022-10-14,81.448358196016,-3.627820744727856
DEV_00356,humidity,DataSense,2023-01-30,73.86546136000764,8.071168868650606
DEV_00357,multi,SensorCorp,2022-01-10,82.38283387798079,-8.447184480224374
DEV_00358,temperature,IoTech,2023-12-08,94.07062987477792,6.577425525059173
DEV_00359,pressure,SensorCorp,2023-09-22,84.37210189310053,-3.0221984991635287
DEV_00360,multi,DataSense,2022-09-27,70.54000266835645,0.43198792022716326
DEV_00361,temperature,SensorCorp,2023-08-15,82.64332124737743,5.889712672969814
DEV_00362,temperature,SensorCorp,2023-08-28,70.81525048272532,7.687530940459425
DEV_00363,humidity,IoTech,2022-12-27,98.98730232120394,-3.1043715985470595
DEV_00364,pressure,IoTech,2022-09-14,73.82361878268607,-0.7631303744977931
DEV_00365,pressure,DataSense,2022-05-13,91.23064978991856,-1.7096787036641548
DEV_00366,humidity,SensorCorp,2022-10-03,99.18328968676258,-9.734979329921789
DEV_00367,humidity,SensorCorp,2023-11-14,94.78117154999715,-4.081142222826868
DEV_00368,pressure,SensorCorp,2023-05-28,90.97946125378611,-0.8162153253487645
DEV_00369,pressure,DataSense,2022-11-09,95.183827285023,-1.7781278223912054
DEV_00370,multi,DataSense,2023-07-30,99.45396079781884,4.438584550313589
DEV_00371,multi,IoTech,2022-10-11,88.64033491760588,-2.303927655577935
DEV_00372,humidity,IoTech,2022-05-01,86.7755442048798,-0.2124710205865945
DEV_00373,multi,IoTech,2022-04-17,88.84714331389844,-1.407828157352732
DEV_00374,temperature,SensorCorp,2023-11-18,85.98027660284664,4.81252297788741
DEV_00375,multi,SensorCorp,2022-07-23,89.05267317729157,7.2594479797392495
DEV_00376,multi,IoTech,2022-06-14,83.49526623917677,0.637781580150282
DEV_00377,temperature,SensorCorp,2022-11-01,76.55329548649921,5.7886438839038235
DEV_00378,humidity,IoTech,2023-05-12,73.60741679535028,-4.064266359602988
DEV_00379,temperature,DataSense,2023-09-24,72.05022806596781,0.827392203145374
DEV_00380,multi,IoTech,2023-07-10,77.899473512596,-3.0954009266005507
DEV_00381,humidity,DataSense,2022-06-05,71.38370693007201,-1.7159814885633935
DEV_00382,multi,SensorCorp,2023-01-02,87.01512339758156,4.648277296253372
DEV_00383,temperature,IoTech,2023-12-20,78.51485341070561,7.633249646654253
DEV_00384,temperature,SensorCorp,2023-09-12,94.73604424261097,-7.570092178244692
DEV_00385,multi,DataSense,2022-09-08,72.22722618965159,2.6927851297476106
DEV_00386,pressure,DataSense,2022-11-30,76.79054483024458,1.6428761515559707
DEV_00387,pressure,DataSense,2023-10-04,91.90738441270437,-7.631699216481362
DEV_00388,temperature,SensorCorp,2023-05-26,87.96424889150474,-5.762113391197818
DEV_00389,temperature,SensorCorp,2022-10-20,71.93473813747502,-3.779950105346394
DEV_00390,pressure,SensorCorp,2022-01-20,96.31718371486602,-6.66137858364997
DEV_00391,pressure,SensorCorp,2022-10-09,96.31785288478538,-5.125410349513164
DEV_00392,multi,DataSense,2022-01-01,79.91224011627321,-4.64798402276585
DEV_00393,multi,DataSense,2022-04-29,80.21217530048693,-3.2865233392188076
DEV_00394,pressure,IoTech,2022-02-04,99.67085075050522,4.987809056023181
DEV_00395,multi,IoTech,2022-07-17,88.78528514779414,1.4382440770120137
DEV_00396,multi,SensorCorp,2023-04-30,85.93949561704177,9.724933439028028
DEV_00397,humidity,DataSense,2022-02-28,95.14456550655774,-1.7052834606505805
DEV_00398,multi,DataSense,2022-06-10,78.55871015071949,5.077301476738501
DEV_00399,temperature,DataSense,2023-11-22,82.87547780189071,7.429368427530676
DEV_00400,multi,IoTech,2022-07-25,78.03330026465002,3.579569860760838
DEV_00401,multi,IoTech,2022-01-12,93.67482539766195,-1.762705191650081
DEV_00402,pressure,DataSense,2023-05-05,87.20048036905654,5.071892614915059
DEV_00403,temperature,DataSense,2022-10-03,89.76475210420212,-5.926657244546303
DEV_00404,multi,DataSense,2023-11-24,77.5692174951822,-3.4489566963973513
DEV_00405,multi,IoTech,2022-08-30,76.60675904131945,0.933705101985776
DEV_00406,humidity,DataSense,2022-08-04,84.65123886948817,1.5081877457229673
DEV_00407,multi,DataSense,2022-09-08,92.1269724727848,-9.55717049054741
DEV_00408,multi,SensorCorp,2022-05-06,85.75719272560481,8.902283775120175
DEV_00409,humidity,SensorCorp,2022-08-05,70.97937032637006,3.9325454243478006
DEV_00410,pressure,IoTech,2022-11-02,96.05654518960867,-0.08592499536217879
DEV_00411,multi,DataSense,2022-07-04,71.94060680545395,8.662544688166168
DEV_00412,humidity,DataSense,2022-02-08,98.67473451162257,-1.2180886949834306
DEV_00413,temperature,SensorCorp,2022-08-11,70.75425874831818,9.608711405407433
DEV_00414,pressure,IoTech,2022-07-03,90.83351368392127,0.24569514486970156
DEV_00415,temperature,SensorCorp,2023-05-10,72.46621191135345,-7.714284600040411
DEV_00416,temperature,SensorCorp,2023-03-03,97.32029738305418,5.296019449185545
DEV_00417,humidity,SensorCorp,2022-06-27,83.93299708676628,3.5779545015568104
DEV_00418,multi,SensorCorp,2023-03-04,74.12571324451046,5.459734426111735
DEV_00419,humidity,DataSense,2022-10-21,80.2244709936954,9.028840574513623
DEV_00420,humidity,DataSense,2022-05-31,74.94474026040287,5.529786053020363
DEV_00421,humidity,SensorCorp,2023-01-19,75.1174573467127,2.2267320443329375
DEV_00422,humidity,IoTech,2023-09-30,98.44324960514327,7.146178047216818
DEV_00423,pressure,IoTech,2022-11-04,83.35738336854365,3.4649287870906313
DEV_00424,multi,IoTech,2022-12-02,93.66406791716079,-1.8376188634815378
DEV_00425,temperature,IoTech,2023-01-10,89.18816683533046,7.712395284835466
DEV_00426,temperature,SensorCorp,2022-01-08,90.29279087015178,-5.561990784312543
DEV_00427,multi,DataSense,2022-12-07,73.95080315416115,4.292825498174484
DEV_00428,temperature,IoTech,2022-05-09,77.02553340446457,7.631269098815139
DEV_00429,multi,SensorCorp,2023-10-31,93.60251005463311,4.626330394065924
DEV_00430,temperature,IoTech,2022-12-18,99.12298619424348,3.945508381077138
DEV_00431,humidity,IoTech,2022-12-24,77.88026927795956,5.05276588143672
DEV_00432,temperature,SensorCorp,2023-06-01,78.14706294253119,-0.6988950339871121
DEV_00433,multi,DataSense,2023-05-10,84.18691398432715,7.483413643140519
DEV_00434,multi,DataSense,2022-03-27,99.51520938566313,-5.931270497278176
DEV_00435,multi,SensorCorp,2022-06-24,78.06876837479413,-7.452271679993214
DEV_00436,multi,DataSense,2022-07-12,82.20915728902791,-4.2898243976297685
DEV_00437,multi,SensorCorp,2022-11-07,96.74440046870521,0.6315479354998637
DEV_00438,pressure,SensorCorp,2022-04-29,70.08763097864086,0.21123590818676163
DEV_00439,pressure,SensorCorp,2022-08-06,71.19297894965709,6.411975153531731
DEV_00440,temperature,DataSense,2023-03-03,88.12215031213657,-1.908626871919651
DEV_00441,multi,SensorCorp,2023-02-18,97.2214049413854,-0.3131114741698262
DEV_00442,temperature,IoTech,2022-04-24,77.16569981205782,-9.732646334812088
DEV_00443,multi,DataSense,2022-05-25,84.08925324042127,-1.8052152711412184
DEV_00444,multi,DataSense,2023-06-22,83.51395904973455,2.955484659006842
DEV_00445,pressure,DataSense,2023-10-10,84.1891403828653,-9.689833387468155
DEV_00446,pressure,DataSense,2022-10-30,88.67559087189235,-4.382360696275125
DEV_00447,humidity,IoTech,2023-08-11,84.09231288972052,-5.840872814212201
DEV_00448,pressure,DataSense,2022-12-11,83.42404423967373,-9.160291421808235
DEV_00449,humidity,DataSense,2022-01-01,84.22865261293782,-0.4147982017092495
DEV_00450,humidity,SensorCorp,2022-05-27,87.72602323813125,-6.36553413543687
DEV_00451,humidity,DataSense,2022-10-14,86.11022465054074,4.861630792627603
DEV_00452,humidity,IoTech,2023-10-16,95.62407992951513,6.95855767526697
DEV_00453,humidity,IoTech,2022-02-22,71.48490560481,0.9117036533829559
DEV_00454,temperature,IoTech,2022-10-31,94.99951214419038,9.63414685042283
DEV_00455,pressure,IoTech,2022-03-10,95.31773837835172,-0.9904285705880937
DEV_00456,humidity,DataSense,2022-12-27,78.54724064592882,0.26736420449831044
DEV_00457,multi,DataSense,2023-08-25,83.88555865047552,9.784355079155002
DEV_00458,pressure,IoTech,2022-08-08,83.15615465612306,-5.369031280699024
DEV_00459,pressure,IoTech,2023-12-05,76.55529503062391,8.850918793538106
DEV_00460,humidity,DataSense,2023-07-29,81.9039054125895,-9.143248897617735
DEV_00461,temperature,IoTech,2023-08-08,71.33163316512564,-1.0722621947361048
DEV_00462,humidity,SensorCorp,2022-06-10,78.33466218345202,-8.599929757338685
DEV_00463,temperature,IoTech,2023-11-12,94.50046526352153,4.58469485827286
DEV_00464,multi,IoTech,2022-03-30,78.53686905288693,2.1681787176003553
DEV_00465,pressure,SensorCorp,2023-11-19,94.54620006244743,4.132685269351928
DEV_00466,multi,SensorCorp,2023-08-08,85.94798393813292,-2.5103920006396603
DEV_00467,temperature,DataSense,2023-08-12,96.3958803208348,-2.6103613193723945
DEV_00468,temperature,DataSense,2022-06-08,87.24338662793245,-9.093614420782108
DEV_00469,multi,SensorCorp,2023-05-04,70.89004669194219,-3.0011012094072047
DEV_00470,temperature,SensorCorp,2022-11-20,90.26260622641267,8.585768045241188
DEV_00471,multi,DataSense,2023-09-02,71.34560704070707,-2.4154692563910203
DEV_00472,pressure,IoTech,2023-01-16,83.51791056949402,6.6273541244394
DEV_00473,multi,SensorCorp,2022-04-12,97.88280083419342,6.846510094998681
DEV_00474,pressure,DataSense,2023-05-09,74.9561181801355,-2.535176872415324
DEV_00475,multi,IoTech,2023-10-06,81.69617058824632,2.6397736079237806
DEV_00476,temperature,SensorCorp,2023-09-06,91.89580926545435,-8.092567954538827
DEV_00477,multi,IoTech,2022-01-19,96.46775668284543,-7.92642838531447
DEV_00478,temperature,DataSense,2023-03-30,90.12829014227523,-9.026846726765733
DEV_00479,multi,SensorCorp,2023-04-27,77.74519762573507,1.6203018675021887
DEV_00480,multi,IoTech,2023-08-17,90.23823558748649,-1.478580447478059
DEV_00481,humidity,SensorCorp,2023-02-01,78.9018292331227,0.9606471332848017
DEV_00482,temperature,IoTech,2022-10-06,91.55287689456206,0.4214638101677579
DEV_00483,humidity,DataSense,2022-12-31,98.62099382755122,-2.9959401781853945
DEV_00484,temperature,DataSense,2022-11-27,91.64180353318865,3.549468296469458
DEV_00485,humidity,SensorCorp,2023-10-03,95.88641508737237,5.1700376183278145
DEV_00486,pressure,IoTech,2022-12-10,70.0631152952765,-9.707434822446485
DEV_00487,multi,SensorCorp,2023-03-31,91.52716374194783,-5.855154004622434
DEV_00488,temperature,SensorCorp,2023-08-24,94.8876267059575,4.264717361666737
DEV_00489,temperature,IoTech,2023-12-26,71.21676212634044,-2.2675965473233166
DEV_00490,multi,IoTech,2023-10-17,96.14793181864692,3.2496789388321634
DEV_00491,temperature,IoTech,2022-03-06,77.70082684930138,-3.060746805308831
DEV_00492,temperature,DataSense,2022-03-17,89.95876305934166,-2.184896953407258
DEV_00493,humidity,SensorCorp,2023-12-12,94.0106463707022,-6.826422526206302
DEV_00494,temperature,SensorCorp,2022-05-23,89.87993539178066,-4.835379606676799
DEV_00495,pressure,DataSense,2023-08-28,72.76854376219772,2.108235150151746
DEV_00496,pressure,IoTech,2023-04-18,87.88964556581105,-1.3367377736966723
DEV_00497,multi,DataSense,2023-02-21,86.48750970166431,5.486053658891903
DEV_00498,temperature,DataSense,2022-11-01,97.00963804222815,7.0516990987668535
DEV_00499,multi,DataSense,2023-05-12,82.12719188932627,0.8329283643351975
DEV_00500,pressure,SensorCorp,2022-10-18,79.6324329126115,5.165345841121184
DEV_00501,temperature,DataSense,2022-04-12,92.49552293309398,-3.8619097361085997
DEV_00502,temperature,SensorCorp,2022-09-24,82.3802597825019,-1.700575691998436
DEV_00503,multi,SensorCorp,2023-09-14,89.38288525015189,4.255553524336619
DEV_00504,pressure,SensorCorp,2022-01-03,89.3935027037382,-2.2757601436593866
DEV_00505,temperature,IoTech,2022-03-26,96.64117193080354,1.7700987031797766
DEV_00506,multi,SensorCorp,2022-11-24,87.96077206957293,-6.29254441834977
DEV_00507,pressure,SensorCorp,2023-03-26,85.06460829885961,1.99542629940996
DEV_00508,multi,IoTech,2023-03-30,74.16613979189552,7.230274144537873
DEV_00509,humidity,SensorCorp,2023-09-21,73.47212820036115,7.372792796468513
DEV_00510,temperature,DataSense,2022-08-09,74.62964695849239,4.486888126590793
DEV_00511,humidity,DataSense,2022-06-03,75.15545443981284,4.915067581522521
DEV_00512,pressure,SensorCorp,2023-10-27,89.13631277990902,1.1585489030140135
DEV_00513,humidity,IoTech,2022-01-12,92.22943750823735,1.6933618033164954
DEV_00514,humidity,DataSense,2022-05-13,85.89974568779256,-7.32698837178964
DEV_00515,pressure,IoTech,2022-10-31,94.87053197636473,-1.122816231573978
DEV_00516,multi,IoTech,2022-10-20,99.737896802009,-0.9844743222727246
DEV_00517,humidity,DataSense,2022-10-27,94.60037887358068,9.169956713354804
DEV_00518,multi,IoTech,2022-02-12,90.84647121027878,-1.3782627475342117
DEV_00519,humidity,DataSense,2022-12-09,85.9747809831144,0.9868528980551527
DEV_00520,multi,IoTech,2022-11-22,83.46559215024125,0.66502798558205
DEV_00521,pressure,DataSense,2023-05-13,72.53177141633627,2.7352343408865423
DEV_00522,humidity,SensorCorp,2022-12-30,81.98106245184073,4.964656626637918
DEV_00523,pressure,DataSense,2023-03-03,97.30403910346402,-5.4991624765825575
DEV_00524,humidity,DataSense,2022-01-21,94.24067889719659,0.5744883819687132
DEV_00525,pressure,DataSense,2023-02-11,76.48154095035062,6.518354146320608
DEV_00526,pressure,DataSense,2023-09-11,83.99823354091647,-0.7377057232497712
DEV_00527,humidity,IoTech,2022-12-02,94.50169607675633,-4.43084907252854
DEV_00528,humidity,SensorCorp,2022-04-27,72.02153664356568,3.094181507125981
DEV_00529,humidity,DataSense,2022-05-04,81.62177757005978,6.475347915982461
DEV_00530,temperature,IoTech,2023-02-03,95.55523710621843,-8.737194141452173
DEV_00531,multi,SensorCorp,2023-12-16,82.11693592510372,5.535809668144543
DEV_00532,temperature,SensorCorp,2022-02-20,72.32843934194322,6.432958659235425
DEV_00533,temperature,SensorCorp,2022-11-20,86.27603105596754,-0.769541448227864
DEV_00534,pressure,SensorCorp,2022-05-21,95.85227484754886,9.666113136369347
DEV_00535,humidity,DataSense,2023-04-15,87.7085662885948,5.734166814146182
DEV_00536,multi,DataSense,2022-11-30,76.78837324642696,5.473251297913315
DEV_00537,pressure,IoTech,2023-01-08,81.52718860412143,4.956771488241436
DEV_00538,temperature,IoTech,2023-07-18,83.50370083545796,-6.98783793563452
DEV_00539,humidity,IoTech,2023-05-09,87.37799061461581,-5.655382270939784
DEV_00540,pressure,SensorCorp,2023-06-23,92.78053077257839,-0.7201973707114995
DEV_00541,humidity,SensorCorp,2023-10-31,72.96620852921906,-4.719913000810683
DEV_00542,pressure,DataSense,2022-06-05,96.68956099052699,-1.6951805533191902
DEV_00543,humidity,SensorCorp,2022-10-18,70.36929109048226,7.769282198458413
DEV_00544,temperature,SensorCorp,2023-10-10,81.10157004022766,6.486537837585384
DEV_00545,multi,SensorCorp,2022-05-24,70.82260929917973,2.600797569599644
DEV_00546,temperature,IoTech,2022-04-16,81.78922676035873,7.16240788502207
DEV_00547,multi,IoTech,2023-02-24,85.77437796619971,5.675447780344985
DEV_00548,humidity,DataSense,2023-11-01,85.35044159744535,-1.4203013631821904
DEV_00549,pressure,SensorCorp,2023-10-20,74.96885041084796,-5.978696959001097
DEV_00550,temperature,SensorCorp,2022-01-02,89.37221530286837,0.28402080018678433
DEV_00551,multi,DataSense,2023-08-12,71.34335351514005,4.724577650571003
DEV_00552,temperature,SensorCorp,2023-10-06,92.85720460397246,-1.27160802540814
DEV_00553,multi,SensorCorp,2022-03-31,98.39933301980639,3.335438195677945
DEV_00554,temperature,IoTech,2022-12-11,80.19306481453354,-8.113451474179127
DEV_00555,multi,DataSense,2022-12-16,85.51718145142996,4.960094727428068
DEV_00556,multi,DataSense,2023-04-04,81.36730834176443,6.254272397861239
DEV_00557,humidity,DataSense,2022-09-20,70.2013117091218,4.136757115610823
DEV_00558,multi,DataSense,2022-12-17,81.57623508685347,9.34527175052731
DEV_00559,humidity,IoTech,2022-04-18,93.75160777784039,6.533041149212806
DEV_00560,multi,IoTech,2023-08-09,87.87966526550446,8.061874557530764
DEV_00561,pressure,SensorCorp,2022-02-08,73.03779743845477,8.671421669152963
DEV_00562,pressure,SensorCorp,2022-06-08,95.41418469081356,6.02695983747617
DEV_00563,pressure,SensorCorp,2023-08-06,85.93256034655728,3.4851768401299825
DEV_00564,multi,SensorCorp,2022-11-08,95.25170085234028,-9.885628372784215
DEV_00565,humidity,IoTech,2022-08-29,87.40664556355088,-0.683484935537507
DEV_00566,humidity,DataSense,2023-03-21,86.7906533451382,1.4232459724472193
DEV_00567,multi,IoTech,2022-10-25,73.15777555591038,-3.919394551040007
DEV_00568,pressure,SensorCorp,2022-02-05,75.02079199415884,-3.6379110619305592
DEV_00569,pressure,IoTech,2022-03-25,99.16075769489774,9.223188314203302
DEV_00570,humidity,DataSense,2023-03-28,76.85460240264312,7.834217304054917
DEV_00571,pressure,DataSense,2023-01-20,99.32356353971105,6.983580110034083
DEV_00572,temperature,IoTech,2022-06-21,85.9573811957279,-1.8797639658777872
DEV_00573,humidity,IoTech,2023-01-11,74.07367141191811,-9.726028991821709
DEV_00574,pressure,IoTech,2023-11-16,72.97906608261079,-8.395555070885719
DEV_00575,humidity,SensorCorp,2022-12-28,76.2659221211722,-3.756072635647927
DEV_00576,temperature,IoTech,2023-07-13,97.76911990076007,-9.685141740086461
DEV_00577,humidity,IoTech,2022-05-21,82.4245067298468,-9.657004361696037
DEV_00578,humidity,IoTech,2022-04-28,81.86302803978742,8.332066032848221
DEV_00579,humidity,DataSense,2022-10-04,79.39618783210523,4.123170042381082
DEV_00580,humidity,DataSense,2023-12-27,74.41185551699765,-3.8208801986369467
DEV_00581,temperature,SensorCorp,2022-08-08,84.6355359157722,-7.347108447980936
DEV_00582,multi,SensorCorp,2022-01-26,73.90143347533416,0.2327143579015427
DEV_00583,humidity,DataSense,2023-06-05,95.06440709146983,-9.893076782912711
DEV_00584,humidity,DataSense,2022-01-10,81.1119095882592,8.768274877162881
DEV_00585,pressure,DataSense,2023-01-13,81.24410703345389,-1.703697612221056
DEV_00586,humidity,IoTech,2023-09-25,84.22019285449468,-1.9533008952533457
DEV_00587,pressure,IoTech,2023-09-29,83.32383139497254,-2.1881278483643563
DEV_00588,multi,DataSense,2023-11-13,99.84573919177964,-8.613433392244705
DEV_00589,temperature,IoTech,2023-08-07,86.36143363654908,2.766444795836531
DEV_00590,temperature,IoTech,2022-06-01,72.64605111369612,4.660072392567066
DEV_00591,multi,SensorCorp,2023-12-21,88.2063202473079,3.522507951765805
DEV_00592,temperature,DataSense,2022-02-18,74.5475287860964,-7.231290133412114
DEV_00593,multi,DataSense,2022-06-03,70.92812934194026,1.5768033607118515
DEV_00594,multi,IoTech,2022-10-20,99.12226461031744,1.3896896834450772
DEV_00595,multi,DataSense,2023-08-03,93.20616674603691,7.368215758827642
DEV_00596,temperature,SensorCorp,2022-02-19,99.40326977241301,-2.4174468324870606
DEV_00597,pressure,SensorCorp,2023-10-26,84.33635344066727,-2.5702811268113157
DEV_00598,multi,SensorCorp,2023-06-15,85.96772593446929,2.370541174363712
DEV_00599,humidity,DataSense,2023-09-04,75.0501086775739,2.6614530699902605
DEV_00600,temperature,DataSense,2022-03-01,77.40722280002757,-0.6142954534841927
DEV_00601,multi,DataSense,2022-06-16,95.15647644708484,-1.1388127533915782
DEV_00602,multi,DataSense,2022-07-21,80.68556941352783,-0.11704658724234562
DEV_00603,humidity,DataSense,2022-05-26,94.80444921389257,7.220905990066239
DEV_00604,pressure,SensorCorp,2023-11-07,91.27041172861095,-0.7766619749217991
DEV_00605,pressure,IoTech,2023-03-15,75.31512775815597,8.79863583939645
DEV_00606,pressure,SensorCorp,2022-08-30,85.22339098359227,0.0800752719265212
DEV_00607,multi,DataSense,2023-08-04,90.3216196455615,8.984013863617829
DEV_00608,multi,SensorCorp,2023-11-18,77.05111644411475,6.656638037381516
DEV_00609,multi,DataSense,2023-07-15,94.9206553156023,-2.751373547683418
DEV_00610,temperature,DataSense,2023-04-28,86.34482972635561,7.272828425932321
DEV_00611,humidity,SensorCorp,2022-04-18,74.9572615132781,-7.798734315977695
DEV_00612,multi,DataSense,2022-08-14,87.48953278493808,8.500943506860288
DEV_00613,humidity,IoTech,2023-11-04,99.99141412467742,2.6328703016578316
DEV_00614,humidity,DataSense,2023-09-23,74.5156447499024,-8.912185029553775
DEV_00615,pressure,IoTech,2023-10-23,94.50270790358584,2.8851344730162314
DEV_00616,temperature,IoTech,2023-10-24,76.21927009562674,9.484953082895121
DEV_00617,multi,DataSense,2023-03-08,93.47164988380263,-8.603986907707421
DEV_00618,pressure,SensorCorp,2023-10-17,92.0373376936424,1.0937541956017256
DEV_00619,pressure,IoTech,2023-02-23,79.01468156801297,4.9558869951874485
DEV_00620,multi,SensorCorp,2023-03-31,79.77469352693349,6.205171733990625
DEV_00621,humidity,IoTech,2022-06-09,93.77564175888757,-1.723450693584084
DEV_00622,pressure,DataSense,2023-06-07,83.84336535661939,-5.9166688166351395
DEV_00623,humidity,DataSense,2023-10-12,91.92454086135426,-9.153154424552323
DEV_00624,temperature,IoTech,2023-08-13,74.43952442097505,1.5945231419444958
DEV_00625,humidity,DataSense,2022-03-18,95.5767334570466,-0.9417785946477846
DEV_00626,temperature,IoTech,2023-05-24,91.32654150046957,8.974887902994219
DEV_00627,humidity,DataSense,2023-03-17,97.20828426504502,-8.787901845701803
DEV_00628,pressure,SensorCorp,2022-09-11,73.97117137104917,3.707906868920114
DEV_00629,pressure,DataSense,2022-11-16,87.79043501081793,-9.500675557598857
DEV_00630,temperature,SensorCorp,2022-09-20,87.97361755120976,-6.571316465789145
DEV_00631,multi,DataSense,2023-08-20,80.60382221640347,-0.9284200015433175
DEV_00632,temperature,SensorCorp,2023-10-20,83.75399273707774,-0.9025511439426364
DEV_00633,temperature,DataSense,2023-07-08,71.13944689869561,3.7140108586728786
DEV_00634,humidity,SensorCorp,2023-01-09,92.37580115881036,8.204260697355132
DEV_00635,humidity,IoTech,2023-09-29,86.47967438209523,2.7806431782984156
DEV_00636,temperature,IoTech,2022-06-16,71.73223155607522,9.070701957030177
DEV_00637,pressure,SensorCorp,2023-04-04,90.42267678881457,7.632312797559951
DEV_00638,humidity,DataSense,2022-10-07,84.00346231693564,1.6899959106158047
DEV_00639,multi,SensorCorp,2023-12-01,71.03383778275,6.675839018376546
DEV_00640,humidity,DataSense,2022-10-29,99.08823180544286,2.8515522064726806
DEV_00641,humidity,IoTech,2023-06-15,98.47336429268321,-8.428843381525457
DEV_00642,multi,DataSense,2023-08-03,85.38707248441592,4.811294465190199
DEV_00643,temperature,IoTech,2022-08-06,72.8101726211773,-8.101831174653075
DEV_00644,multi,DataSense,2022-04-12,92.63863664795775,1.8816556113942475
DEV_00645,temperature,DataSense,2023-07-08,84.75793300317187,4.052804117164577
DEV_00646,temperature,DataSense,2022-10-15,79.0734243486814,-8.669447835782895
DEV_00647,temperature,SensorCorp,2022-06-16,84.7425453258567,-5.384106921469365
DEV_00648,multi,SensorCorp,2023-09-13,85.67332436216394,8.313444645232998
DEV_00649,temperature,IoTech,2022-02-05,86.88135097067018,2.3262898446579268
DEV_00650,pressure,IoTech,2022-12-19,83.23671140965979,-5.074279623789368
DEV_00651,multi,SensorCorp,2023-11-07,88.1726590941717,3.813595422960132
DEV_00652,pressure,IoTech,2022-03-14,97.56204131819132,1.9355283992337924
DEV_00653,temperature,SensorCorp,2023-10-10,80.86804261295774,0.0315139983589674
DEV_00654,humidity,DataSense,2022-12-19,91.77149389659847,9.523739499761675
DEV_00655,temperature,IoTech,2022-03-11,96.83357670472697,3.669075548150179
DEV_00656,pressure,IoTech,2023-03-01,83.6793782727981,-2.4911778066417467
DEV_00657,pressure,SensorCorp,2023-12-09,83.30367509145712,6.001468641537361
DEV_00658,multi,IoTech,2023-07-15,88.06350956064338,7.691665858423754
DEV_00659,humidity,IoTech,2023-10-04,87.74220278267464,-7.495588809663372
DEV_00660,multi,DataSense,2023-06-01,94.19768026978831,-5.98894044309467
DEV_00661,pressure,IoTech,2023-03-04,84.29450151334878,-5.6754598174444055
DEV_00662,temperature,DataSense,2023-06-23,99.88368848918324,3.8242361877308078
DEV_00663,humidity,SensorCorp,2022-06-09,71.78414706601842,2.060791101065666
DEV_00664,temperature,IoTech,2022-05-29,70.09503545742105,2.3798312939717636
DEV_00665,temperature,DataSense,2022-08-18,89.20594934678871,8.81546599379002
DEV_00666,humidity,SensorCorp,2023-12-13,78.9530473708563,5.51823065614612
DEV_00667,multi,IoTech,2023-07-16,77.21147166098451,-7.441261509764336
DEV_00668,temperature,SensorCorp,2022-03-08,79.35697240012841,-3.049858351496379
DEV_00669,pressure,IoTech,2023-01-16,77.68142695314863,-1.2921270764852881
DEV_00670,temperature,SensorCorp,2022-02-27,70.92370148981344,-2.080768225047902
DEV_00671,humidity,SensorCorp,2022-09-16,99.14599127171766,3.3861721832375835
DEV_00672,humidity,DataSense,2022-12-08,76.62236465358345,7.837862065131251
DEV_00673,humidity,SensorCorp,2022-05-10,92.02089287767919,-3.87897072954424
DEV_00674,multi,IoTech,2023-12-28,92.87789184082526,1.0375427284237126
DEV_00675,temperature,IoTech,2022-06-21,97.87772194021687,5.788188438271714
DEV_00676,multi,DataSense,2023-09-06,70.9164837128014,-1.6756388230930135
DEV_00677,multi,IoTech,2022-07-28,96.16145015341023,-6.637637432014083
DEV_00678,humidity,IoTech,2022-12-20,85.81678542519401,-0.500980694725035
DEV_00679,humidity,IoTech,2023-04-16,88.97632329897483,-8.895549585139431
DEV_00680,multi,SensorCorp,2022-04-26,89.334108313631,8.847669080045538
DEV_00681,temperature,SensorCorp,2022-09-21,94.59393414954182,-8.50357589610054
DEV_00682,pressure,IoTech,2023-10-24,80.00221966477332,-1.2308656949884362
DEV_00683,multi,DataSense,2023-03-18,91.9915356957998,0.5976252217705245
DEV_00684,temperature,SensorCorp,2023-07-02,85.85734329166591,9.70607664574571
DEV_00685,humidity,DataSense,2023-03-29,93.80182042916043,-6.6795635271427845
DEV_00686,humidity,IoTech,2023-04-22,99.716380983104,-7.711369627752829
DEV_00687,temperature,IoTech,2022-10-14,76.01953052211283,-9.825877058749128
DEV_00688,pressure,SensorCorp,2022-10-30,99.83945924679993,-6.888571262613954
DEV_00689,humidity,IoTech,2022-11-07,72.69436462848321,-5.854540418646648
DEV_00690,humidity,SensorCorp,2022-07-27,70.06952643714442,2.611618831661847
DEV_00691,humidity,IoTech,2023-09-10,71.32485808533494,-5.6058641921719925
DEV_00692,temperature,IoTech,2023-03-22,80.25347214210285,-9.589583705413496
DEV_00693,multi,SensorCorp,2023-11-01,88.98718992035302,6.532366910049774
DEV_00694,humidity,SensorCorp,2023-09-25,72.0708862266355,-2.6880859799206647
DEV_00695,multi,SensorCorp,2022-02-24,70.16997443588701,-2.9260662683853216
DEV_00696,pressure,IoTech,2022-01-12,98.11273085376385,-3.950419416641468
DEV_00697,humidity,IoTech,2023-10-19,94.65779907819788,9.507465542928419
DEV_00698,humidity,DataSense,2023-02-04,94.27549513417094,-6.597691653814371
DEV_00699,pressure,SensorCorp,2023-10-10,96.53272826505932,7.964761279064703
DEV_00700,humidity,IoTech,2023-05-30,91.00102818316313,5.53606664279776
DEV_00701,multi,IoTech,2023-10-18,73.13212389244245,-8.470400890013739
DEV_00702,temperature,SensorCorp,2023-06-26,81.97300564221169,9.734582030016973
DEV_00703,multi,DataSense,2022-08-25,91.69448459393888,-4.572680729219789
DEV_00704,temperature,SensorCorp,2022-10-06,78.41003382374562,-8.028341459551754
DEV_00705,temperature,DataSense,2022-12-14,90.62219092408714,6.586284682515188
DEV_00706,multi,IoTech,2023-09-19,70.73495344802957,4.133510673553998
DEV_00707,multi,DataSense,2022-04-14,79.18412022638779,2.3443761175580153
DEV_00708,multi,IoTech,2023-09-22,86.47391008831518,-6.880382726021336
DEV_00709,multi,SensorCorp,2023-06-01,88.96269488518726,-0.43007767488076176
DEV_00710,pressure,SensorCorp,2022-09-05,87.31121993385733,5.611120537744277
DEV_00711,humidity,SensorCorp,2022-12-30,90.93268828220289,-3.9275212371231945
DEV_00712,temperature,DataSense,2022-11-17,70.18266244719517,-3.7662034296991713
DEV_00713,multi,IoTech,2023-09-25,73.02823599932564,-9.937181879037558
DEV_00714,multi,SensorCorp,2022-10-13,96.06832756837434,-6.515131967092409
DEV_00715,multi,SensorCorp,2022-05-29,90.45245932270484,7.508112502436685
DEV_00716,pressure,IoTech,2022-03-25,73.38794928058034,-1.165070167245858
DEV_00717,multi,SensorCorp,2023-02-10,95.26223312195738,9.684689984688678
DEV_00718,multi,IoTech,2023-04-01,77.26693653473701,-2.0858407285241487
DEV_00719,multi,IoTech,2022-06-10,84.34779652585671,4.303729095604824
DEV_00720,humidity,IoTech,2023-04-05,74.35589538653981,-4.361619141905417
DEV_00721,pressure,IoTech,2023-07-04,91.3033016926512,-2.72380717718133
DEV_00722,multi,IoTech,2023-05-15,90.00563263042804,-6.185480248182107
DEV_00723,temperature,DataSense,2023-05-24,76.33337413498408,-3.0587526300121004
DEV_00724,temperature,SensorCorp,2023-10-16,95.90202300571005,0.9447504084128617
DEV_00725,temperature,DataSense,2023-04-26,82.03918072659137,9.83545761958499
DEV_00726,pressure,SensorCorp,2023-10-25,78.77545273212226,3.284034261435714
DEV_00727,pressure,DataSense,2022-04-24,74.56988768393606,-6.015080911833719
DEV_00728,temperature,IoTech,2023-08-01,77.98504037546613,-9.100771168168977
DEV_00729,multi,SensorCorp,2022-12-27,70.66080763671451,-7.472870373709788
DEV_00730,pressure,SensorCorp,2022-12-07,87.49772477368347,1.251104025460947
DEV_00731,temperature,DataSense,2023-03-25,95.26692239031844,5.303206576335327
DEV_00732,temperature,DataSense,2022-06-29,86.46941348324926,8.808384146014937
DEV_00733,multi,SensorCorp,2023-12-03,76.57821885771627,-9.683536560063583
DEV_00734,humidity,DataSense,2023-02-11,71.01007534641619,0.45520283123739524
DEV_00735,pressure,DataSense,2023-10-28,76.43884219776409,-0.5826528755364642
DEV_00736,multi,DataSense,2022-07-15,82.48364284213277,3.1211004395140804
DEV_00737,temperature,IoTech,2023-04-11,92.7883428609939,1.1915770893068398
DEV_00738,temperature,IoTech,2022-11-07,75.63528557613323,3.7407830116496115
DEV_00739,multi,DataSense,2022-09-19,91.59374360064058,3.1616516949838065
DEV_00740,pressure,DataSense,2023-02-23,96.00800405055651,-7.659765502841076
DEV_00741,humidity,IoTech,2023-02-10,83.61840544325071,5.994358272374392
DEV_00742,humidity,IoTech,2022-05-23,94.6429597492778,-7.535348485673503
DEV_00743,temperature,SensorCorp,2022-12-08,86.63972044105287,3.9706125041827427
DEV_00744,pressure,SensorCorp,2022-11-12,89.11272511242714,-1.677092647187866
DEV_00745,humidity,IoTech,2022-04-11,85.78835381014608,0.27701469153195823
DEV_00746,pressure,DataSense,2022-09-01,83.89518150254025,8.065960287514212
DEV_00747,pressure,DataSense,2023-05-05,77.03960325327549,7.797674529469731
DEV_00748,temperature,DataSense,2022-01-12,79.09582178383138,6.357126113100591
DEV_00749,humidity,DataSense,2022-08-27,78.69910356830827,0.20296760912646583
DEV_00750,multi,SensorCorp,2023-07-15,86.89866792861444,4.724796202676663
DEV_00751,temperature,IoTech,2022-02-11,73.59861079071669,0.25794111037618705
DEV_00752,humidity,DataSense,2023-11-09,97.50375072107005,7.39212164949555
DEV_00753,humidity,SensorCorp,2023-08-17,91.61965435849339,-1.944483335342003
DEV_00754,humidity,DataSense,2023-03-05,82.0433689273958,9.404706888297536
DEV_00755,humidity,IoTech,2022-06-07,74.75872433579134,8.646455164577553
DEV_00756,humidity,SensorCorp,2022-08-04,96.45976509164907,4.832052389035709
DEV_00757,pressure,IoTech,2023-11-01,94.71334270303495,-4.41168231647856
DEV_00758,temperature,IoTech,2023-04-07,91.65164658151538,-7.366928224134832
DEV_00759,pressure,SensorCorp,2022-05-14,78.14641142233727,7.09406900186395
DEV_00760,multi,SensorCorp,2022-03-08,82.07339912301006,-6.693954277240774
DEV_00761,humidity,SensorCorp,2022-01-07,73.0824475735727,7.085215779946715
DEV_00762,temperature,SensorCorp,2023-06-10,75.67118574182595,-0.18469986575279052
DEV_00763,humidity,SensorCorp,2022-03-14,93.49049911950199,-1.868864323837915
DEV_00764,temperature,SensorCorp,2023-02-03,91.45116156552052,8.063815576688583
DEV_00765,pressure,SensorCorp,2023-02-09,87.80457288927803,2.0770196508055587
DEV_00766,temperature,DataSense,2023-11-06,96.87180177778518,1.532280142594356
DEV_00767,multi,IoTech,2023-08-01,87.49799553439136,1.1753188924879527
DEV_00768,multi,SensorCorp,2022-05-10,84.00903999890832,-2.576609679609372
DEV_00769,temperature,DataSense,2023-04-11,80.21112238917289,5.7128620705825455
DEV_00770,temperature,DataSense,2022-07-25,98.21345517208518,-4.94403111968454
DEV_00771,temperature,DataSense,2022-09-23,72.4814638457306,8.777899200825502
DEV_00772,temperature,IoTech,2023-06-21,97.92662116182424,7.879704100939215
DEV_00773,multi,SensorCorp,2022-09-10,94.80143979793056,-3.2503934865020367
DEV_00774,humidity,DataSense,2022-10-16,73.89789773607104,4.589275396633274
DEV_00775,temperature,IoTech,2022-06-13,86.9495307302576,1.4644638889918298
DEV_00776,temperature,IoTech,2022-04-05,95.9964394524726,-3.247013960015308
DEV_00777,multi,IoTech,2022-04-20,87.1542749082146,9.770432959908934
DEV_00778,multi,DataSense,2022-12-02,97.21599464681867,-9.495253083034715
DEV_00779,pressure,SensorCorp,2022-08-26,98.28951450448128,-4.9470793875742665
DEV_00780,temperature,DataSense,2023-01-16,82.67153566552918,0.4014812222230084
DEV_00781,pressure,DataSense,2023-03-12,81.31940984218971,0.4390600695712781
DEV_00782,multi,SensorCorp,2023-04-28,98.0896346190747,1.7786614989112834
DEV_00783,multi,SensorCorp,2022-01-25,90.25420183449005,5.033523440458385
DEV_00784,humidity,SensorCorp,2023-10-15,73.48068044044508,2.4695566103859274
DEV_00785,temperature,IoTech,2022-04-27,71.26875247668043,2.0056292105607394
DEV_00786,pressure,SensorCorp,2023-04-27,86.93887152991789,-8.929710741739134
DEV_00787,multi,DataSense,2023-01-27,97.90512896315273,-2.4693942442140333
DEV_00788,multi,SensorCorp,2023-06-21,95.32746107217454,-5.35888520597688
DEV_00789,pressure,DataSense,2022-03-20,90.27543239393009,-4.692597767960491
DEV_00790,humidity,IoTech,2023-08-03,74.17347546673263,1.086749486806898
DEV_00791,multi,DataSense,2022-06-22,77.62694151246086,-6.009893701407831
DEV_00792,temperature,DataSense,2022-01-12,96.26533679657848,-4.121017979662049
DEV_00793,multi,SensorCorp,2022-05-08,75.48421709970701,-5.258305829653198
DEV_00794,temperature,SensorCorp,2023-08-31,78.35318224751303,8.970058864363896
DEV_00795,pressure,DataSense,2022-04-02,73.88801953586326,8.893314643421903
DEV_00796,temperature,SensorCorp,2023-10-15,90.28324694243233,2.198831171921034
DEV_00797,pressure,IoTech,2023-06-27,98.31946916089629,8.490449374637997
DEV_00798,temperature,IoTech,2023-06-16,78.06904094786158,5.716252909367462
DEV_00799,pressure,SensorCorp,2023-10-20,84.26219823550221,1.7989576560361762
DEV_00800,temperature,IoTech,2023-03-23,89.03019219133613,-9.871295770064085
DEV_00801,humidity,SensorCorp,2023-01-25,99.98398744646892,5.450325721588081
DEV_00802,temperature,DataSense,2023-11-03,73.14424194992716,4.049766831769377
DEV_00803,temperature,DataSense,2022-02-12,84.95712398517128,2.30507306564828
DEV_00804,humidity,IoTech,2022-09-11,81.553603597075,5.208486233649435
DEV_00805,multi,SensorCorp,2022-05-10,95.97460495667065,0.2584432954953151
DEV_00806,multi,SensorCorp,2022-03-01,84.27903193034967,4.081665426426781
DEV_00807,temperature,IoTech,2023-10-25,73.32932573755444,8.703441734529868
DEV_00808,humidity,DataSense,2023-04-12,89.0327243585975,-2.483899683078274
DEV_00809,temperature,IoTech,2022-10-14,93.1234185479164,4.162436698012508
DEV_00810,pressure,DataSense,2023-06-01,70.08643754996844,-0.48624363978082563
DEV_00811,pressure,SensorCorp,2023-04-12,95.76870056261889,3.487993036279631
DEV_00812,temperature,DataSense,2022-12-11,75.58069000016997,5.257866711087281
DEV_00813,multi,IoTech,2023-10-04,86.56208093960134,-9.09094999128408
DEV_00814,multi,SensorCorp,2023-01-17,82.47392502062351,2.932008878973239
DEV_00815,temperature,IoTech,2023-11-21,91.58961449831591,-5.465176311861109
DEV_00816,temperature,IoTech,2022-09-10,81.13484844357225,3.400650756151336
DEV_00817,pressure,DataSense,2022-02-25,96.09289530045132,-0.6333962813237299
DEV_00818,multi,IoTech,2023-04-08,91.9148908287637,5.4710548372977446
DEV_00819,temperature,DataSense,2023-04-02,89.43139513188764,-7.531983695888071
DEV_00820,pressure,SensorCorp,2022-03-24,93.88721786688563,2.526447033123901
DEV_00821,multi,DataSense,2022-04-09,92.62069104785147,-4.430585421448954
DEV_00822,humidity,SensorCorp,2022-05-29,71.0781602476466,7.059639906611828
DEV_00823,pressure,DataSense,2022-11-25,81.84203061534484,8.567670112726148
DEV_00824,multi,IoTech,2022-06-05,97.92421891949469,9.927965873581108
DEV_00825,multi,DataSense,2022-07-09,73.77172806976678,5.920148048545666
DEV_00826,pressure,DataSense,2023-05-09,92.11289651296154,5.074681408560091
DEV_00827,humidity,SensorCorp,2022-09-20,99.2377543400599,-5.689984822648979
DEV_00828,pressure,IoTech,2022-03-21,71.56595887134915,-3.279858820197825
DEV_00829,multi,DataSense,2023-02-04,90.46581641879831,-0.6863491647544091
DEV_00830,temperature,IoTech,2023-09-01,84.04462423903091,5.467620955644994
DEV_00831,temperature,DataSense,2022-09-17,87.37525766124166,8.299317301559373
DEV_00832,pressure,DataSense,2023-09-07,72.56024009452975,-6.217217999540308
DEV_00833,multi,IoTech,2023-07-06,71.29020855600818,8.447349693402057
DEV_00834,temperature,DataSense,2022-04-11,90.00599981652765,3.91249304708116
DEV_00835,multi,IoTech,2022-12-25,94.69928289462153,2.215414613700773
DEV_00836,pressure,DataSense,2023-01-15,93.46046004798902,-6.00317457436121
DEV_00837,temperature,SensorCorp,2022-08-09,86.31417183598712,-8.88949934381699
DEV_00838,multi,IoTech,2023-02-24,72.99600463408535,1.3692979701587973
DEV_00839,temperature,DataSense,2022-05-04,90.64133331508042,3.0303136665778485
DEV_00840,pressure,DataSense,2023-02-26,77.25666650662438,-5.784371012906235
DEV_00841,multi,SensorCorp,2022-08-19,97.3320610830215,1.1291241165091286
DEV_00842,temperature,IoTech,2023-11-21,95.14796078637114,7.129868055251471
DEV_00843,pressure,DataSense,2022-03-04,91.28148901262173,6.701318909100401
DEV_00844,temperature,SensorCorp,2023-04-30,98.46537867493392,8.547103611725944
DEV_00845,temperature,DataSense,2023-09-20,70.9426546453382,-2.6822838088623913
DEV_00846,humidity,IoTech,2023-12-04,92.08601275182286,-3.639008548981626
DEV_00847,humidity,DataSense,2023-07-28,79.90728338009217,4.988520119616172
DEV_00848,pressure,DataSense,2023-04-28,97.18197657059096,-1.3777518980599002
DEV_00849,humidity,DataSense,2023-06-03,78.00025589985933,-8.249026719444387
DEV_00850,pressure,DataSense,2022-06-04,91.74569497945052,-4.343977386590005
DEV_00851,humidity,SensorCorp,2022-04-02,96.32941058952343,-1.6283542893702183
DEV_00852,temperature,SensorCorp,2023-06-10,71.24970455148048,-4.14967149047496
DEV_00853,pressure,IoTech,2023-03-31,81.92942738776108,-3.355888581053568
DEV_00854,pressure,SensorCorp,2023-08-21,92.86927096065816,-4.124481876512185
DEV_00855,temperature,SensorCorp,2023-10-07,83.64756668522762,-9.170016656338412
DEV_00856,pressure,IoTech,2023-05-25,78.01757889380787,2.7418940164888497
DEV_00857,pressure,SensorCorp,2022-07-02,76.5941604646957,1.945848407069386
DEV_00858,humidity,SensorCorp,2023-01-21,73.94554800749134,3.067669969573611
DEV_00859,pressure,IoTech,2023-07-28,95.71388679568847,-6.15380207932745
DEV_00860,multi,IoTech,2023-02-09,87.26066209754669,-4.086909167750294
DEV_00861,temperature,IoTech,2022-09-03,72.29154834974368,2.3923185388984454
DEV_00862,humidity,DataSense,2023-08-14,81.47740970711907,1.9925513691984271
DEV_00863,humidity,DataSense,2023-10-23,81.0320095241533,0.12660618708535587
DEV_00864,multi,IoTech,2023-10-12,75.4521757212839,-2.9917349997960514
DEV_00865,temperature,IoTech,2023-04-16,83.06522876416572,8.258620095493796
DEV_00866,temperature,IoTech,2023-02-27,79.96298096179409,-3.2045951540231243
DEV_00867,humidity,DataSense,2022-03-06,80.25411116476548,-0.8876168712549681
DEV_00868,pressure,DataSense,2022-01-13,92.17079673363875,3.562276619084175
DEV_00869,humidity,SensorCorp,2022-08-01,76.69790156515589,0.8604286173352822
DEV_00870,temperature,SensorCorp,2022-08-30,89.25579876566066,-3.0622804727122883
DEV_00871,multi,IoTech,2023-05-08,87.11948871642804,-1.2871041908698029
DEV_00872,humidity,DataSense,2022-08-01,87.04277537013601,5.889616357070121
DEV_00873,temperature,DataSense,2023-11-24,89.89022038425328,-4.437416890267752
DEV_00874,humidity,DataSense,2022-12-04,86.45146108586962,-7.154895204463692
DEV_00875,pressure,IoTech,2022-06-22,96.37765344539153,-3.736735963404458
DEV_00876,humidity,SensorCorp,2023-11-03,90.2674027585078,6.990684309758027
DEV_00877,humidity,IoTech,2022-06-13,86.40889754114164,-8.220205702873066
DEV_00878,temperature,SensorCorp,2023-04-10,94.89289360862935,9.833921467449038
DEV_00879,temperature,SensorCorp,2023-05-12,88.18439694800439,0.8200579785532511
DEV_00880,temperature,IoTech,2023-12-01,78.73432743355536,9.696914879341879
DEV_00881,humidity,SensorCorp,2023-01-30,76.21284754529714,8.779928441719552
DEV_00882,pressure,SensorCorp,2023-12-04,74.56983356988036,-0.9437257157816639
DEV_00883,multi,DataSense,2022-11-04,96.98365637638305,-6.030178507893018
DEV_00884,multi,SensorCorp,2022-07-02,91.30406295394198,-6.702304468697231
DEV_00885,temperature,IoTech,2023-09-21,98.12135314492963,-5.20021272260085
DEV_00886,temperature,IoTech,2023-05-25,88.09875417144829,4.202652811290745
DEV_00887,humidity,SensorCorp,2023-12-09,84.20202644484738,-4.541000105370243
DEV_00888,multi,DataSense,2023-06-30,71.79149466912668,-3.171494607914034
DEV_00889,temperature,DataSense,2023-07-18,90.14926844638089,-1.0244239201077043
DEV_00890,pressure,SensorCorp,2023-09-16,87.46626279304694,8.264653608429128
DEV_00891,pressure,SensorCorp,2023-08-17,99.70626680762865,-6.212131642303078
DEV_00892,temperature,IoTech,2022-08-15,77.1747633334673,-9.899468947803937
DEV_00893,temperature,SensorCorp,2023-03-12,85.92212065860508,-8.798071792436597
DEV_00894,multi,DataSense,2023-02-26,89.52872005354217,8.095326833602357
DEV_00895,multi,SensorCorp,2023-07-08,89.33773524227031,2.950329296867263
DEV_00896,humidity,IoTech,2022-01-21,86.83880628845208,-4.539187613443865
DEV_00897,multi,IoTech,2023-07-08,93.30784030981677,-6.456149979776178
DEV_00898,pressure,IoTech,2023-02-01,76.1494362858045,-4.114665267257713
DEV_00899,pressure,IoTech,2023-09-17,91.76881600823248,-7.704061454974398
DEV_00900,temperature,IoTech,2022-04-15,88.59203714299268,8.83065820568882
DEV_00901,multi,SensorCorp,2022-07-11,96.8822533538372,5.684123487305337
DEV_00902,humidity,SensorCorp,2022-01-17,95.41583317100745,-0.7521764617491851
DEV_00903,pressure,SensorCorp,2022-04-30,79.4544111739766,7.299252102304038
DEV_00904,pressure,SensorCorp,2023-01-28,78.2871197492546,-5.010835914135354
DEV_00905,humidity,IoTech,2023-03-01,99.44959971557344,4.3424113694438695
DEV_00906,humidity,DataSense,2022-05-09,85.81795542745769,7.122649980274868
DEV_00907,pressure,SensorCorp,2022-05-10,97.1926289174331,-2.864625767534548
DEV_00908,pressure,DataSense,2023-07-26,74.91643071341447,5.149288909014354
DEV_00909,humidity,SensorCorp,2023-07-14,89.28456744400523,-4.098553014713813
DEV_00910,pressure,SensorCorp,2022-01-29,94.29580562081759,-4.022857294819384
DEV_00911,temperature,DataSense,2022-04-07,98.4218574875934,-7.858856428916279
DEV_00912,temperature,IoTech,2022-01-10,80.12020423051071,-1.198839069812026
DEV_00913,humidity,SensorCorp,2022-08-30,91.74943509772157,4.594238129948444
DEV_00914,multi,SensorCorp,2022-08-20,86.16439027118858,8.804416111425699
DEV_00915,humidity,SensorCorp,2022-10-11,71.81886778199404,2.075939838581922
DEV_00916,humidity,DataSense,2023-12-16,90.6999921192683,7.262710754714782
DEV_00917,multi,IoTech,2023-12-27,90.7028967471353,6.449892985804542
DEV_00918,multi,DataSense,2022-07-19,97.91820414539612,-6.533138940494383
DEV_00919,multi,DataSense,2022-03-20,84.91937338506918,-0.28365142174737024
DEV_00920,temperature,IoTech,2022-06-22,76.90752762131544,-7.6615292894921705
DEV_00921,pressure,DataSense,2023-04-12,71.33691470346038,3.6430632312326985
DEV_00922,temperature,IoTech,2023-08-04,82.46926560057717,8.99799336492152
DEV_00923,pressure,SensorCorp,2023-02-20,79.05750100232505,-7.25821083842487
DEV_00924,temperature,IoTech,2023-03-25,92.83264918071626,4.677662616050826
DEV_00925,pressure,SensorCorp,2022-03-28,80.6280329452314,2.644763017357219
DEV_00926,temperature,DataSense,2022-04-11,98.47213588944533,1.6721007401619943
DEV_00927,multi,DataSense,2022-01-08,98.86930608963353,-2.1975953062332154
DEV_00928,humidity,SensorCorp,2022-07-19,88.62725770653124,-2.897367044923749
DEV_00929,temperature,DataSense,2023-05-20,97.85980861044649,-9.095016219622243
DEV_00930,pressure,IoTech,2022-03-28,92.82563033543487,-5.641825834959731
DEV_00931,multi,SensorCorp,2022-02-12,86.40578922925378,-9.696462354263462
DEV_00932,temperature,DataSense,2023-01-20,75.40923806268334,1.6283421116404106
DEV_00933,temperature,SensorCorp,2023-09-13,83.7579383054152,-7.882935282441823
DEV_00934,multi,IoTech,2023-03-11,86.82623390087852,7.460387880594322
DEV_00935,temperature,IoTech,2023-02-12,95.9188474220503,0.4628604139433037
DEV_00936,humidity,DataSense,2023-04-28,84.44000129606995,3.993798181174169
DEV_00937,temperature,IoTech,2023-10-26,96.9302401803387,-1.7828581631900704
DEV_00938,humidity,SensorCorp,2022-01-17,90.23046937070407,1.2115961800209725
DEV_00939,humidity,IoTech,2023-10-07,74.10997189161014,8.853183539332608
DEV_00940,multi,SensorCorp,2022-05-28,99.8494410797528,-8.345319207526584
DEV_00941,temperature,SensorCorp,2022-10-04,85.81697982261738,-4.921244561526077
DEV_00942,multi,IoTech,2022-08-20,81.75574889227236,5.599766538210886
DEV_00943,temperature,DataSense,2023-01-01,89.7734129340858,-8.025255862346683
DEV_00944,temperature,IoTech,2022-08-16,73.26679941943117,-8.486777921917783
DEV_00945,pressure,SensorCorp,2023-10-13,89.09615940260063,-2.7691720249192286
DEV_00946,temperature,SensorCorp,2023-03-12,84.94708001497818,-8.156640830551353
DEV_00947,multi,IoTech,2023-02-03,82.2002220999575,1.7015688441240613
DEV_00948,humidity,DataSense,2022-07-30,98.59060063536697,-5.474494983668004
DEV_00949,temperature,DataSense,2023-01-26,85.6761915019616,7.913959263987447
DEV_00950,pressure,SensorCorp,2023-05-14,76.57352438409815,5.670001616905134
DEV_00951,multi,SensorCorp,2023-06-24,83.76890438131896,3.9941041219895226
DEV_00952,temperature,DataSense,2023-07-17,97.58162213718018,2.3388805476900387
DEV_00953,multi,IoTech,2023-05-06,75.28286413991783,7.269314606829266
DEV_00954,pressure,SensorCorp,2023-03-18,76.4187111606471,-5.538758769144863
DEV_00955,pressure,SensorCorp,2022-09-18,70.39088703271251,7.462176855284554
DEV_00956,multi,DataSense,2022-12-16,70.42570148187302,5.789845968481046
DEV_00957,temperature,IoTech,2022-12-18,94.88174880875538,4.963216527753712
DEV_00958,humidity,DataSense,2023-06-04,91.96367820528867,1.2251135614984818
DEV_00959,pressure,IoTech,2022-11-16,80.65123169355874,-5.075116780587998
DEV_00960,temperature,IoTech,2022-05-18,90.94933471682718,-1.5290416801620736
DEV_00961,temperature,IoTech,2023-07-04,81.85617778929911,5.8714130907760325
DEV_00962,humidity,SensorCorp,2023-09-15,98.58690387993482,-9.36443031285351
DEV_00963,pressure,DataSense,2023-01-03,99.01158044278105,5.641015385275166
DEV_00964,pressure,DataSense,2022-08-08,81.7838132742803,-5.19858519024867
DEV_00965,temperature,IoTech,2022-12-03,95.62665719022604,-7.113815985567939
DEV_00966,temperature,SensorCorp,2022-08-11,93.19267125092398,-7.685973636393957
DEV_00967,humidity,SensorCorp,2023-10-10,79.29999811515368,-9.454999760983698
DEV_00968,humidity,DataSense,2022-12-26,76.96119486703319,0.4717297044290589
DEV_00969,pressure,SensorCorp,2022-11-25,83.74703951178502,-5.63480254612541
DEV_00970,multi,SensorCorp,2023-04-08,93.4404652184322,9.788635315592632
DEV_00971,pressure,IoTech,2023-07-15,98.80503354186236,1.488735117444115
DEV_00972,temperature,SensorCorp,2023-01-17,92.90737206599718,-7.242294612879792
DEV_00973,pressure,IoTech,2023-08-13,95.6562095505511,3.775250816227306
DEV_00974,multi,DataSense,2023-09-09,88.0919291851155,7.954871330194507
DEV_00975,humidity,SensorCorp,2022-06-18,95.06223492526378,4.903589907392288
DEV_00976,multi,DataSense,2022-08-05,93.53262574010253,-8.471202779211048
DEV_00977,multi,DataSense,2023-01-13,81.3095662577884,7.91768362385319
DEV_00978,multi,SensorCorp,2022-04-29,86.55970906362163,5.878587717199295
DEV_00979,humidity,SensorCorp,2022-07-09,94.14259365969085,-6.833921997887713
DEV_00980,multi,DataSense,2023-01-05,71.38170202569869,-8.964282225343663
DEV_00981,multi,SensorCorp,2022-05-29,94.2423784706749,1.1462115062861695
DEV_00982,multi,IoTech,2023-11-07,75.33664372147071,-6.879283773200462
DEV_00983,temperature,IoTech,2023-10-14,85.44050851364317,6.691819051905441
DEV_00984,multi,SensorCorp,2023-05-03,94.24826318667813,-2.8333068665665255
DEV_00985,humidity,DataSense,2023-01-09,77.61463234470085,8.25784889473151
DEV_00986,multi,SensorCorp,2023-11-24,77.3742231791846,1.3137634428201146
DEV_00987,multi,SensorCorp,2022-06-09,82.08293195386756,-6.346552315206637
DEV_00988,humidity,DataSense,2022-12-17,96.83928392732903,-7.208022652803998
DEV_00989,multi,DataSense,2022-10-15,70.01328344311624,1.529448751155078
DEV_00990,humidity,IoTech,2022-10-15,97.04149289925805,5.237672237248878
DEV_00991,multi,DataSense,2022-08-14,74.61421073924824,5.630112954843643
DEV_00992,humidity,IoTech,2023-06-07,99.70259128202446,-4.484851911174374
DEV_00993,multi,DataSense,2023-06-06,98.64540979115404,-5.91506482175665
DEV_00994,multi,SensorCorp,2022-09-30,84.8402556877385,-9.664873910152352
DEV_00995,temperature,IoTech,2023-02-06,85.38160743437885,3.5839830240233876
DEV_00996,temperature,IoTech,2022-07-02,84.44648020827563,-8.46863483132922
DEV_00997,multi,IoTech,2023-10-27,89.06330936978569,-1.5847759646814836
DEV_00998,multi,SensorCorp,2023-05-03,72.72165106704793,2.033643280365922
DEV_00999,pressure,SensorCorp,2022-05-04,70.978538450247,8.74217889839354
